<?xml version="1.0"	encoding = "UTF-8"?>
	<?xml-stylesheet type="text/css" href="CSS/lab2XTML.css"?>
	<root_element xmlns:html="http://www.w3.org/1999/xhtml">

	<TopFourSongs>
		
			<SongA>
	
				<SongTitle>Shouei</SongTitle>

				<Artist>Yasmine Hamadan</Artist>

				<Album>Ya Nass</Album>


				<ReleaseDate>April 2013</ReleaseDate>

				<Genre>World</Genre>

				<Website> <html:a href = "www.yasminehamdan.com">www.yasminehamdan.com</html:a> </Website>

				<AlbumCover> 		
					<html:img src ="https://s3.amazonaws.com/storyamp_production/artist/5304/medium/11266-Ya_20Nass.jpg" width="200" height="200">				
					</html:img>
				</AlbumCover>
		
			</SongA>
		

			<SongB>
		
					<SongTitle>Fever Dream</SongTitle>

					<Artist>Iron and Wine</Artist>

					<Album>Our Endless Numbered Days</Album>

					<ReleaseDate>March 2004</ReleaseDate>

					<Genre>Neo-Folk</Genre>

					<Website><html:a href="www.ironandwine.com">www.getmorechevelle.com</html:a></Website>

					<AlbumCover> 
						<html:img src = "https://upload.wikimedia.org/wikipedia/en/thumb/9/9e/Iron_%26_Wine_-_Our_Endless_Numbered_Days.jpg/220px-Iron_%26_Wine_-_Our_Endless_Numbered_Days.jpg" alt = "Our Endless Numbered Days cover art" width="200" height="200"> 
						</html:img>
					</AlbumCover>
	
			</SongB>
			
			<SongC>
					<SongTitle>Saferwaters</SongTitle>

					<Artist>Chevelle</Artist>

					<Album>Vena Sera</Album>

					<ReleaseDate>April 2007</ReleaseDate>

					<Genre>Alternative Metal</Genre>

					<Website><html:a href = "www.getmorechevelle.com">www.getmorechevelle.com</html:a></Website>

					<AlbumCover>
					<html:img src = "http://ecx.images-amazon.com/images/I/51cWP7a2axL.jpg" alt = "Vena Sera cover art." width="200" height="200"  ></html:img>
					</AlbumCover>
			
			</SongC>
			
			<SongD>
			
					<SongTitle>Calm Before the Storm</SongTitle>

					<Artist>Masashi Hamauzu</Artist>

					<Album>DIRGE of CERBERUS Original Soundtrack</Album>

					<ReleaseDate>2006</ReleaseDate>

					<Genre>Soundtrack</Genre>

					<Website><html:a href = "https://www.facebook.com/MasashiHamauzuOfficial">https://www.facebook.com/MasashiHamauzuOfficial</html:a></Website>

					<AlbumCover><html:img src = "http://ecx.images-amazon.com/images/I/51TEX9R8PSL.jpg" alt = "DIRGE of CERBERUS Original Soundtrack cover art." width="200" height="200"  ></html:img></AlbumCover>

			</SongD>
			
		</TopFourSongs>
	</root_element>