<?xml version="1.0"	encoding = "UTF-8"?>

	<TopFourSongs>
		
			<SongA>
	
				<SongTitle>Shouei</SongTitle>

				<Artist>Yasmine Hamadan</Artist>

				<Album>Ya Nass</Album>

				<AlbumCover> 		
					<image>
						<src>https://s3.amazonaws.com/storyamp_production/artist/5304/medium/11266-Ya_20Nass.jpg
						</src>
					</image>
				</AlbumCover>

				<ReleaseDate>April 2013</ReleaseDate>

				<Genre>World</Genre>

				<Website> <src>www.yasminehamdan.com</src> </Website>
		
				</SongA>
		

			<SongB>
		
					<SongTitle>Fever Dream</SongTitle>

					<Artist>Iron and Wine</Artist>

					<Album>Our Endless Numbered Days</Album>

					<AlbumCover> 
						<image>
							<src>https://upload.wikimedia.org/wikipedia/en/thumb/9/9e/Iron_%26_Wine_-_Our_Endless_Numbered_Days.jpg/220px-Iron_%26_Wine_-_Our_Endless_Numbered_Days.jpg" alt = "Our Endless Numbered Days cover art</src>
						</image>
					</AlbumCover>

					<ReleaseDate>March 2004</ReleaseDate>

					<Genre>Neo-Folk</Genre>

					<Website><src>www.ironandwine.com</src></Website>
	
			</SongB>
			
			<SongC>
					<SongTitle>Saferwaters</SongTitle>

					<Artist>Chevelle</Artist>

					<Album>Vena Sera</Album>

				<AlbumCover>
					<img src = "http://ecx.images-amazon.com/images/I/51cWP7a2axL.jpg" alt = "Vena Sera cover art."></img>
				</AlbumCover>

					<ReleaseDate>April 2007</ReleaseDate>

					<Genre>Alternative Metal</Genre>

					<Website><a href = "www.getmorechevelle.com">www.getmorechevelle.com</a></Website>
			
			</SongC>
			
			<SongD>
			
					<SongTitle>Calm Before the Storm</SongTitle>

					<Artist>Masashi Hamauzu</Artist>

					<Album>DIRGE of CERBERUS Original Soundtrack</Album>

					<AlbumCover><img src = "http://ecx.images-amazon.com/images/I/51TEX9R8PSL.jpg" alt = "DIRGE of CERBERUS Original Soundtrack cover art."></img></AlbumCover>

					<ReleaseDate>2006</ReleaseDate>

					<Genre>Soundtrack</Genre>

					<Website><a href = "https://www.facebook.com/MasashiHamauzuOfficial">https://www.facebook.com/MasashiHamauzuOfficial</a></Website>

			</SongD>
			
		</TopFourSongs>
